identifier,mass_kg,displacement_m3
1,62,312.221872
2,70,72.35512849
3,70,1371.058745
4,97,9868.165809
5,49,630.3346796
6,40,129.8564465
7,73,89.24878139
8,89,178.2628797
9,69,400.6281962
10,94,396.2515702
